,fit_time_mean,fit_time_std,score_time_mean,score_time_std,accuracy_mean,accuracy_std,precision_mean,precision_std,recall_mean,recall_std,f1_mean,f1_std
0,0.7638318061828613,0.031181644313868453,1.7595311164855958,0.03918159959439301,0.9899873622597166,0.00019379582095834064,0.9898830989053774,0.00019686841547831993,0.9898418381232268,0.0001958199509594262,0.9898160255466604,0.00019766902039540664
